t,x,y
0,0.0,0.0
16000,0.0,0.0
36000,0.0,0.0
60000,5.968467257571065e-06,9.259278945687372e-06
76000,2.2660398515765536e-05,4.163805232740196e-05
96000,4.210142362823489e-05,7.561699195205926e-05
116000,6.390795168310383e-05,0.00013452967417906315
136000,7.893386137630836e-05,0.00021839065536617415
156000,7.738267186128282e-05,0.0003358368449157097
176000,5.847240757858366e-05,0.0004990392134104585
200000,1.939430885423983e-05,0.0007292951251357534
216000,-5.285367264844308e-05,0.001127161347744144
236000,-0.00012071700685967269,0.0015125442585500037
256000,-0.00022138669964951287,0.0021289085092589593
276000,-0.0003556385385980268,0.002950182635979081
296000,-0.0005251428561438476,0.004016288725206336
316000,-0.0007282528015228396,0.005378399085023383
340000,-0.0009787351627221718,0.007098510561483622
356000,-0.001339919981326872,0.009674196003629726
376000,-0.0016303891754277863,0.011849720990625562
400000,-0.002034761253508613,0.015002278630291448
416000,-0.002575922882778128,0.019529576474540792
436000,-0.002981956927447841,0.02319767779202653
456000,-0.0035278513491033368,0.028382245543882904
476000,-0.004117538174845961,0.034380767173697424
500000,-0.004743848318271398,0.04126329634706287
520000,-0.005542490713955885,0.05066802842325289
536000,-0.006252798694690554,0.059721261560060336
556000,-0.006843215092498214,0.0678205553421148
576000,-0.00758962734688307,0.07884648478765825
600000,-0.008335939917467528,0.09105723700433656
616000,-0.009228201713300594,0.10720945167093125
636000,-0.009821624411437774,0.11921387929009092
656000,-0.010564794706513133,0.13527234830776383
676000,-0.01130733080373118,0.1526877377743971
696000,-0.012039472472023771,0.1714969002514749
716000,-0.012766082272473578,0.1917444807759751
736000,-0.01348353603599341,0.2134614733605811
756000,-0.014187879282315637,0.23668349716521997
776000,-0.014870744410551215,0.2614516140172872
800000,-0.015533781273822817,0.2877927568915876
816000,-0.0163070594843239,0.3213082792005116
836000,-0.01680803463552709,0.3451883584462784
856000,-0.017417364836266852,0.3763268439495893
876000,-0.01800227598055811,0.4090799298963627
900000,-0.01856230727697237,0.44344850208171793
920000,-0.01920153491909431,0.48663250314048623
936000,-0.019701108637878658,0.5245567831793809
956000,-0.020078836865397784,0.5561771267959779
976000,-0.020531614486634476,0.5969708752251072
1000000,-0.020964498701268208,0.6393364928250931
1016000,-0.021452136314054803,0.692037711660755
1040000,-0.021747974142725682,0.7286598045655495
1060000,-0.02215851057908233,0.7850582546850695
1076000,-0.02245304133838016,0.8338642932130046
1100000,-0.02266496446772398,0.8741067850274349
1120000,-0.022948018130360365,0.9358885657851661
1136000,-0.023139174524801142,0.9891169794756833
1160000,-0.023262474610058124,1.0328451327498214
1176000,-0.02341218274374986,1.099803846801411
1200000,-0.023468958130294666,1.145803240643718
1216000,-0.023513716405308138,1.2161359236945144
1240000,-0.023510429428230655,1.264335874786185
1256000,-0.023477053108156693,1.3379244879055943
1276000,-0.023423902984771906,1.3882593784115211
1300000,-0.023328853743891872,1.4522164016461387
1316000,-0.023171650774276152,1.5304822765331458
1336000,-0.02303043189792621,1.58384177743125
1356000,-0.022821581595732485,1.6514949395519907
1376000,-0.02256525758465586,1.720305081838605
1400000,-0.022255335257821005,1.7902275681167144
1416000,-0.021828864926119056,1.8754013010674027
1436000,-0.02150017109879642,1.9331584900177992
1456000,-0.021055717177301616,2.0061341531812924
1476000,-0.020570530650510052,2.080046289646621
1500000,-0.02004636443633248,2.154867275732051
1516000,-0.01936623182783704,2.2457056739685517
1536000,-0.018867991727748272,2.3070896974265245
1556000,-0.0181996413839498,2.384478797274556
1576000,-0.017477403057448736,2.4626589295139647
1596000,-0.016704462746491542,2.5416017363666197
1616000,-0.015878869863539886,2.621282721251632
1636000,-0.014994825064903893,2.7016770918955824
1660000,-0.014052940039169282,2.7827484533303535
1676000,-0.012849175686680162,2.8808111179982823
1700000,-0.011984305726167882,2.9467849043146845
1716000,-0.010629439871307635,3.046330007693107
1736000,-0.009670199651595658,3.1132627308765453
1760000,-0.00842854117042879,3.197396337142347
1776000,-0.0068655541691153826,3.29902395482645
1800000,-0.005776464419166928,3.367293838557798
1816000,-0.004090433885378244,3.470211469678478
1836000,-0.00292140132528622,3.5393298861036366
1856000,-0.0014164275663345488,3.62615054228994
1876000,0.00014211934029966888,3.71348861759291
1896000,0.0017491889328516612,3.8013333318857674
1916000,0.0034076999726295725,3.8896687511121755
1936000,0.005114539179703885,3.978488114885402
1956000,0.0068633827253205765,4.067782071910043
1976000,0.008652420848451225,4.1575341519763525
1996000,0.010486955246884703,4.247735990323437
2016000,0.012362551223660761,4.338379202317754
2040000,0.014277062548307065,4.429440141726134
2056000,0.01662584015221641,4.539196676477756
2080000,0.018234403124493776,4.612745058518226
2096000,0.020676489786339774,4.723428454471511
2116000,0.022342798428715973,4.797565521202307
2140000,0.024449609868784042,4.890518352942214
2156000,0.02701970018021235,5.002461474859539
2176000,0.02876187721246002,5.077395556983025
2200000,0.03096904437801741,5.1713084554431425
2216000,0.03366281689405066,5.284357183005589
2236000,0.035495116574693196,5.36000193886091
2256000,0.03782101235437999,5.45478721556542
2276000,0.04019495861973305,5.549853399720674
2300000,0.042620573793203345,5.645196756332666
2316000,0.045588360574457414,5.759939969091682
2340000,0.04761283210126556,5.836705209597821
2356000,0.05070155850764501,5.9521179710492715
2376000,0.05281304327599102,6.0293233070898
2396000,0.05548573500956896,6.126044303148936
2416000,0.058208812035911627,6.223038213644082
2436000,0.06097744950039102,6.3202987322578785
2456000,0.06379086708781,6.4178225154179565
2476000,0.06664607333746918,6.515604735349268
2496000,0.06954832701807799,6.6136429889401045
2516000,0.0724963266445167,6.711937024185207
2536000,0.07549265165143312,6.810486540359162
2556000,0.07853532998369289,6.909288431225114
2576000,0.08162481185836051,7.008342251997051
2596000,0.08475313323376278,7.10765157912155
2616000,0.08791789302946112,7.207208195415267
2636000,0.09111589099109706,7.30701313693591
2660000,0.09435474421669438,7.407067359075486
2680000,0.0982857331969975,7.527420856634044
2696000,0.10159128126268814,7.627997873943628
2716000,0.10426469980169734,7.708648943055977
2736000,0.10763818385020806,7.809648611414827
2756000,0.11105348399761403,7.910873529205508
2776000,0.11451351382712799,8.012305975050612
2800000,0.11801094991221632,8.113925744175297
2816000,0.12225685006427621,8.23605036407185
2836000,0.12512512154686795,8.317587252320585
2860000,0.12874415372414424,8.419572029010308
2876000,0.1331272785273846,8.541986746526014
2900000,0.13607885767334746,8.623585539048245
2920000,0.14052966195337876,8.745919888534635
2940000,0.1442626832505057,8.847723772658787
2960000,0.14802311925631362,8.949340789987906
2980000,0.15181469751804474,9.05071473977486
2996000,0.15563757775085257,9.151779995125155
3020000,0.15872250559525555,9.232342048527148
3036000,0.1633767609281883,9.352759636014662
3060000,0.16650335286714465,9.432559332332739
3076000,0.17122511773224694,9.551708999339667
3100000,0.1744017231078947,9.630536363069517
3116000,0.17920214145851218,9.74808634185376
3140000,0.18244312291612869,9.825719818691843
3156000,0.18733781216345188,9.94136089163431
3176000,0.19062304192069,10.017591328688415
3200000,0.19475234192809687,10.112100073519676
3216000,0.19974931462072099,10.224237948376967
3236000,0.20311665917151767,10.29793059622042
3256000,0.2073488746283754,10.389110794656352
3280000,0.21160436943366365,10.479051079829965
3300000,0.21672826776006193,10.58539373609379
3316000,0.2210131087955879,10.672344436846915
3336000,0.22444579791219121,10.740753732158128
3360000,0.2287471294588506,10.825055570398412
3376000,0.23392879041646578,10.924310143141392
3396000,0.23739059366419768,10.98890668110872
3416000,0.24172407755220096,11.06829508873258
3436000,0.24607143728072345,11.1459295600286
3456000,0.25043330693507865,11.221757629496617
3476000,0.2548047347326563,11.295748344638142
3500000,0.2591946946054372,11.367877171138211
3520000,0.2644838840966822,11.452175813368493
3536000,0.2689127420534836,11.520164968592875
3556000,0.272466976291732,11.573048146334637
3576000,0.27692368728500016,11.637645044933835
3600000,0.28139660504359465,11.700371845164133
3616000,0.2867673110399537,11.77341642227955
3636000,0.2903481123918373,11.820343805063025
3656000,0.29482850110745773,11.877540356800829
3676000,0.29930939827732367,11.932938650643564
3700000,0.3037928898316093,11.986562685929405
3716000,0.30917201309647196,12.048820271508964
3736000,0.3127631347291517,12.088664246626136
3760000,0.31725327713196944,12.137110208034285
3776000,0.3226455660157496,12.193241900105685
3800000,0.32623937025921385,12.229082286597054
3816000,0.33162745810194283,12.28130044560802
3840000,0.3352278282247218,12.314605230984311
3856000,0.3406321258025446,12.363091533387006
3876000,0.3442366211302143,12.393971255962951
3896000,0.34874828800983304,12.431384625648867
3916000,0.35326305937828806,12.46734344838635
3936000,0.357778443063433,12.501880231645554
3956000,0.36230301060245323,12.535024366175795
3976000,0.36684043241391695,12.566799692846072
4000000,0.3713863688276645,12.597245134514496
4016000,0.37685242119458107,12.632231166832215
4040000,0.3804931861950919,12.654345982930588
4060000,0.3859508459647377,12.686338655214144
4080000,0.3904966770883543,12.71153727614126
4096000,0.39504127026560354,12.735547625474366
4116000,0.39867336670714854,12.753822339709176
4136000,0.4032178450587415,12.775760449096051
4156000,0.4077628812054458,12.79658406857289
4176000,0.4123033980214441,12.816315640813345
4196000,0.4168408191884348,12.8349898678608
4216000,0.4213748432704765,12.852634269696622
4236000,0.4259075515696718,12.869268188906972
4256000,0.43043368373712776,12.884915831812139
4280000,0.434955934313277,12.899604120935232
4296000,0.44037389201112165,12.916108315548113
4320000,0.4439819466355674,12.926224524587228
4336000,0.4493830099511549,12.94052597875028
4356000,0.45296699632363513,12.949195460135295
4376000,0.45743213822974166,12.95932415952882
4396000,0.46187954463233555,12.968576941395522
4416000,0.4663191572869763,12.976973147773586
4436000,0.47074980838523284,12.984524552096659
4460000,0.47516997665712746,12.991249972789257
4480000,0.48046136885147184,12.998353891913828
4500000,0.4848613348726851,13.003325713195357
4516000,0.48924986728872116,13.007517907403171
4540000,0.49275139634071335,13.010253583918898
4556000,0.49799059048932615,13.013629571677285
4580000,0.5014749296713048,13.015162545609005
4596000,0.5066912174625201,13.016758962898157
4620000,0.5101509687098649,13.017133439663404
4636000,0.5153254129018537,13.017034056424428
4656000,0.5187699646400977,13.016312876431483
4676000,0.523068271316319,13.014878979079501
4700000,0.527361494527294,13.012799138432428
4716000,0.5325174472114949,13.009545921447765
4736000,0.5359557698065462,13.006776167456284
4756000,0.5402428451183149,13.002825807977192
4780000,0.5445186083485826,12.998295270850454
4800000,0.5496460481158805,12.992166454740115
4816000,0.5538966057402999,12.986374958483118
4836000,0.557279569402778,12.981298657372987
4856000,0.5614831696757691,12.97451804622565
4876000,0.5656647650380352,12.967221271663687
4900000,0.569831331907059,12.959425193532077
4916000,0.5748187526087457,12.949497159532978
4936000,0.578131426165863,12.942433644586012
4956000,0.5822612052136158,12.933241208614616
4980000,0.5863838737505392,12.923603973251563
4996000,0.5913105626556662,12.911538613979545
5016000,0.5945851700417829,12.903114663996815
5036000,0.5986709003836863,12.892278377015524
5056000,0.602749535847948,12.881080922186127
5080000,0.6068419390003992,12.869541900560863
5100000,0.6118026630268665,12.855302332850728
5116000,0.6160188561115683,12.843067278437674
5140000,0.6194700414586897,12.833043493723636
5156000,0.6247734422930843,12.817748608159715
5176000,0.6284642566627358,12.80730908299222
5200000,0.6332435109227392,12.794077635187149
5216000,0.6392670516850546,12.777947627333477
5236000,0.6435395371547322,12.767007336214943
5256000,0.649111616408,12.753189942453952
5276000,0.6549919030070686,12.739214688385278
5300000,0.6612117990550381,12.725099991325816
5316000,0.6691105144223876,12.708012210736552
5340000,0.674745394243603,12.696504698514504
5356000,0.6835974488627407,12.67914081675904
5376000,0.6899154953927671,12.667469979053166
5400000,0.6981724130238612,12.652817653776822
5416000,0.7086482997280402,12.635142235962578
5436000,0.7161056361758295,12.623290097768534
5456000,0.72583416149081,12.608423295509434
5476000,0.7360893711371516,12.593494163867987
5496000,0.7468816736207351,12.578510195239598
5516000,0.7582120041614786,12.563475430533094
5536000,0.7700862488206097,12.54839249866577
5556000,0.7825081570996845,12.533274618422233
5576000,0.7954677062456007,12.51812515708574
5596000,0.80897072853687,12.502947454838479
5616000,0.8230152099423564,12.487742730885694
5636000,0.8375893521221844,12.472515513953972
5656000,0.8526809389831959,12.457269143034269
5680000,0.8682879349364445,12.44200494156877
5700000,0.8876329704915751,12.423669085571618
5716000,0.9043632148095904,12.408373306600929
5736000,0.9181560216382416,12.396134098707583
5756000,0.9357999043284239,12.38082874503009
5776000,0.9539429425324147,12.365511737457428
5796000,0.9725891779050393,12.350189881034666
5816000,0.9917400291039343,12.334870574058584
5840000,1.0113989008537483,12.31954862080255
5856000,1.0355977034784862,12.301165576642493
5876000,1.0522167385186398,12.28891489240393
5896000,1.0734059528495996,12.273604386642896
5916000,1.0951109099101697,12.258302743281945
5936000,1.117333380225984,12.243016154793368
5956000,1.1400792864324971,12.227743843098274
5976000,1.1633489895960616,12.212484186615095
5996000,1.187152350287844,12.197250471500494
6020000,1.2114786684744063,12.182040168033907
6036000,1.2412986119362863,12.163817057655418
6056000,1.2616911651558724,12.15169619581926
6076000,1.287611641486433,12.136573969010486
6096000,1.314075752326497,12.121491684800851
6116000,1.3410867874799637,12.106445536144097
6136000,1.3686422996517227,12.091436855511082
6156000,1.3967372819506314,12.076461822120692
6176000,1.4253843041238972,12.061525090377065
6196000,1.4545839235197902,12.046625650463163
6220000,1.4843240698381954,12.031759644753652
6236000,1.5206579196911139,12.013957287981677
6256000,1.5453891728961986,12.002123308317326
6280000,1.5767273174054444,11.987362005866169
6296000,1.6149634869262421,11.969693841902991
6316000,1.6409555389443629,11.957963233938315
6336000,1.673857233938465,11.943341007427295
6356000,1.7072706175514603,11.92877060249374
6376000,1.7411911637471726,11.91424861146389
6400000,1.7756176745338814,11.899780592450817
6416000,1.81753216762358,11.882479140641047
6436000,1.8459544086813848,11.870996629947948
6456000,1.881873625530431,11.85668860991157
6476000,1.9182917283159282,11.842434495945062
6500000,1.9552154213058421,11.828241376678228
6520000,2.0001327383746816,11.811289851369454
6536000,2.0381747292102737,11.79724082401259
6556000,2.069010753735823,11.786066076061154
6576000,2.107958390470128,11.772151961027493
6600000,2.1474111844682886,11.75830578586686
6616000,2.1953700696256835,11.741764897006773
6640000,2.227836267052559,11.730798564049914
6656000,2.277025777959617,11.714404939749695
6676000,2.310310542981201,11.703532756624305
6700000,2.3523213586935876,11.689995590894585
6716000,2.4033321453063494,11.673836674060968
6736000,2.43781806522146,11.663138124824826
6760000,2.481318758505617,11.64982262286281
6780000,2.534106264512797,11.633937256180829
6800000,2.5786846377538106,11.620785262546425
6816000,2.6237465273313596,11.607704641458204
6836000,2.6601788541240907,11.597290068492578
6856000,2.706099842970145,11.584330802317584
6876000,2.7524951744280677,11.57145271676852
6896000,2.799346574085268,11.558642986813048
6916000,2.846650025154624,11.545896769186566
6936000,2.8944116692781208,11.53320824865748
6960000,2.942620543267502,11.520576372205472
6976000,3.0009997006795013,11.505490149209054
6996000,3.0403368765936203,11.495489802441774
7020000,3.0898585974340214,11.483035960488866
7036000,3.1498092947669067,11.468168584527827
7056000,3.1901895999137486,11.45831633230061
7080000,3.241019207812634,11.44604723459445
7100000,3.302549296874891,11.43138861338144
7116000,3.354363649578575,11.419242670480802
7136000,3.396173307797558,11.40957134479895
7156000,3.4487972901958033,11.397526251699968
7176000,3.5018808112411723,11.385541692667395
7200000,3.5554176260640395,11.373619001696314
7216000,3.6202008942109978,11.359377779514393
7236000,3.663819679693699,11.349934574580539
7256000,3.718707971565096,11.338173165876698
7276000,3.774039405052758,11.3264790769349
7296000,3.8298019076267966,11.314851576529579
7316000,3.885993112855968,11.30328002755595
7340000,3.942607817940222,11.291762820309549
7356000,4.0110491657421266,11.27800717238272
7380000,4.057084502253569,11.268889699764072
7396000,4.1265353676890895,11.25526749041342
7416000,4.173226417956118,11.246238120960301
7436000,4.231910013454982,11.234995859932846
7456000,4.290985769452005,11.223809648462884
7476000,4.350451476880915,11.212681241254192
7496000,4.41030750525565,11.20160995913656
7516000,4.470548331479897,11.190581062199673
7536000,4.531175656648903,11.17958839856944
7556000,4.592179912367674,11.168634105130744
7576000,4.6535584086258135,11.157718237243309
7600000,4.715310106591672,11.146845738083073
7616000,4.789854337353419,11.13384747170228
7636000,4.839907510384391,11.125216110769017
7660000,4.902763235259378,11.114465016962138
7676000,4.97861750104418,11.101615977031061
7696000,5.02953294644229,11.093099815641764
7716000,5.093462195556509,11.082494446384684
7736000,5.1577418530931824,11.071928702194997
7756000,5.222359139044966,11.061408257768088
7776000,5.287310563028355,11.050939121663568
7800000,5.352590210995869,11.040522582561362
7816000,5.431310263507964,11.028071291591145
7836000,5.48409962265304,11.019811905159703
7856000,5.55033487191341,11.009524345736695
7876000,5.616877861134884,10.99927069841904
7896000,5.68372855303421,10.989051983595227
7916000,5.75087588555109,10.978869174261362
7936000,5.818319587999203,10.96872081380534
7956000,5.886055515645612,10.958609447119164
7976000,5.954070717764147,10.948529287409471
7996000,6.022369950865418,10.938487235208347
8016000,6.090949566148978,10.928495083778026
8036000,6.159805877806278,10.918554796337123
8056000,6.228934392270987,10.908651144248195
8076000,6.298331205727289,10.898786010280359
8096000,6.367990055949303,10.888954367578945
8116000,6.437896562346414,10.879158528303941
8136000,6.508055246147985,10.869398455783102
8156000,6.5784557205410925,10.859677437395856
8180000,6.64909253608236,10.849991731664328
8196000,6.734141320599849,10.838416784564771
8216000,6.791068356842066,10.830731592513077
8236000,6.862424336968722,10.821149173126898
8260000,6.934025736022147,10.811597520559237
8280000,7.020236650030461,10.800178053012665
8300000,7.092364459434135,10.790706777630808
8316000,7.164728222895146,10.781264520877153
8336000,7.222800982678172,10.773729238624083
8356000,7.29557899848946,10.764323415012122
8376000,7.368587162657978,10.754936195291064
8400000,7.441816873446198,10.745567698751715
8416000,7.529958018339771,10.73434857137153
8440000,7.5889285952194685,10.726886918995849
8456000,7.677589854747883,10.715707545092824
8480000,7.736896010393647,10.708276883471893
8496000,7.82604750961639,10.697152936767065
8516000,7.885676824036769,10.689756561484806
8536000,7.960375744124142,10.68052704430723
8560000,8.035272201404055,10.67132114521753
8580000,8.125376932010639,10.66029775842163
8600000,8.200681076220171,10.651140344352545
8616000,8.27616297410181,10.642004793253516
8636000,8.336697845812914,10.634709780002144
8656000,8.412515141522746,10.625601161169952
8680000,8.488517488010203,10.616505099609245
8700000,8.579944346585156,10.605601222157626
8716000,8.656364507300973,10.596528520890173
8740000,8.717652765825097,10.589279938964335
8756000,8.80976720314144,10.578423519756162
8776000,8.871343187920102,10.571206283722516
8800000,8.948451768980851,10.562199173283918
8816000,9.041165217108224,10.551406522684339
8836000,9.10311942875314,10.544227633135975
8856000,9.180679334030964,10.53526394118718
8876000,9.258389933849509,10.52631648029664
8896000,9.336252547468584,10.517376205250226
8916000,9.414267962811081,10.508436363363078
8936000,9.492438548071629,10.499505924457388
8960000,9.570760297214061,10.490581167550976
8976000,9.664931434711276,10.479882172000794
8996000,9.727861969040422,10.47276320329599
9016000,9.806644122610447,10.463875833519197
9036000,9.885564721638065,10.454992395490917
9056000,9.964621428253364,10.44611021170187
9076000,10.043816249985875,10.437229609224874
9096000,10.123144139603122,10.428349714065424
9116000,10.202602936228475,10.419464073353803
9136000,10.282189883507606,10.410573085335109
9156000,10.36191138635296,10.401680860779777
9176000,10.441759240939232,10.392778233869603
9200000,10.521734895655454,10.383873308948374
9216000,10.617864853194023,10.373196604876828
9240000,10.682075928550098,10.366087274265249
9256000,10.778514579993725,10.355444408103619
9276000,10.842919049934403,10.348356160163982
9300000,10.923524384783716,10.339497647590651
9320000,11.020402906261538,10.328874593359258
9336000,11.101285555236784,10.320039192336644
9356000,11.166088761784762,10.312983774898187
9376000,11.247188972967434,10.304173387264214
9400000,11.328406285042941,10.295368652924221
9416000,11.426009437322188,10.284812208136993
9436000,11.491191765495119,10.277781324996692
9456000,11.57276300934617,10.268992211985895
9480000,11.654444839150774,10.260202079012057
9496000,11.752593104618569,10.249645307073955
9516000,11.818134585183389,10.242608998933093
9540000,11.900146063226757,10.233817664005871
9556000,11.998673815772932,10.223269835328026
9576000,12.06444254296928,10.21624184196245
9596000,12.146721504914959,10.207463311751201
9616000,12.2290869260045,10.198694717092506
9636000,12.311543288975649,10.189923137198486
9656000,12.3940926286208,10.181156044311733
9676000,12.476736662565033,10.172392433787111
9700000,12.559479145732436,10.163630859133127
9720000,12.658872868928995,10.153118397038892
9736000,12.741809859626729,10.14435894783651
9756000,12.808231029474111,10.13735644372425
9776000,12.891327393607217,10.128602584662165
9796000,12.974517399941346,10.119841400255906
9816000,13.057795139546855,10.111074466267894
9836000,13.141164309558546,10.102295559686285
9856000,13.224623932759544,10.093510490475133
9876000,13.308171826949927,10.084717144996867
9896000,13.391806576688012,10.07592888064283
9920000,13.475526689566498,10.067144659549028
9936000,13.576079981481378,10.056592814444068
9956000,13.643185615545145,10.049544765158213
9976000,13.727122702023138,10.04072783062723
9996000,13.811127928814285,10.031894453569693
10016000,13.895203211969271,10.023058657126146
10040000,13.979347270511552,10.014224423042988
10056000,14.080398862970702,10.003615142872519
10076000,14.147825407862818,9.996539174565422
10096000,14.2321596776167,9.987693393253126
10116000,14.316555955537254,9.978840870142484
10136000,14.401017313265989,9.96998781981326
10156000,14.485534833131064,9.961129111986615
10176000,14.570111260292519,9.952272178109174
10196000,14.65475109699798,9.943406991049011
10216000,14.739457053723074,9.934534490700763
10236000,14.824232558720622,9.925651188253
10256000,14.909086999143186,9.91675276299809
10276000,14.994016808211368,9.907841607655358
10300000,15.079013204481472,9.898921410977717
10316000,15.1810822959517,9.888213777561718
10336000,15.249172004828988,9.881066875780697
10356000,15.33430368815723,9.872122272024772
10376000,15.419420762000785,9.86316696224989
10400000,15.504490227466029,9.854193372112185
10416000,15.60646008109127,9.843408522809229
10440000,15.674316689568279,9.836208423548207
10456000,15.775923882013378,9.825396796990109
10476000,15.843441080478563,9.81817372796927
10496000,15.927603169686535,9.809131972975965
10516000,16.011401611304375,9.800075302871786
10536000,16.09477038075241,9.790998135636048
10556000,16.177638817829962,9.781900485772807
10576000,16.25993577199493,9.772776206734857
10600000,16.3415838410913,9.763629571066094
10620000,16.438692613954096,9.752626761377739
10636000,16.51866281139024,9.743433985222705
10656000,16.5819563542879,9.736064123346104
10676000,16.660337353654825,9.726835053108111
10700000,16.737732474501374,9.717594716112954
10716000,16.829325076634152,9.706493607370001
10736000,16.889309501883158,9.699080718185083
10756000,16.963340810131058,9.689796112369173
10776000,17.036117447027234,9.680495411491911
10800000,17.107563110609878,9.671181086776917
10820000,17.19162500102847,9.659978662380516
10836000,17.259951124950238,9.65061196986085
10856000,17.313439655991388,9.643096731189793
10876000,17.379089697666515,9.63368327575223
10896000,17.44320468205261,9.624248499583294
10916000,17.505768451270757,9.614796333592208
10936000,17.566775438369376,9.605322272725855
10960000,17.626214244849677,9.595830425465488
10976000,17.695671382787335,9.58441177595347
11000000,17.740483194623664,9.576778336984226
11016000,17.806219295218973,9.565304507817045
11036000,17.848573578364952,9.557636812025358
11056000,17.900314241135217,9.548043183309389
11076000,17.950562795974218,9.53843234302321
11096000,17.999335137202575,9.528800346602825
11116000,18.046655267660324,9.519142008650913
11136000,18.092549835800888,9.509456376122207
11156000,18.137041512203677,9.499743906661257
11176000,18.180162692040522,9.490009312977852
11200000,18.221930730294115,9.480252086302038
11216000,18.270464543897255,9.46851744585431
11236000,18.301560904470367,9.46066753425104
11256000,18.33939551830869,9.450831457880112
11276000,18.375956561107806,9.440964866290798
11296000,18.4112776743305,9.43106173674367
11316000,18.44539012725574,9.421131280781648
11336000,18.4783078215309,9.411171347198941
11356000,18.51005625619877,9.4011841795038
11376000,18.540667479072347,9.391171283970472
11396000,18.57016793295791,9.38113656599625
11420000,18.59857811845729,9.371078617494291
11440000,18.63138507378258,9.358987580999223
11456000,18.657471797960138,9.34888747332781
11480000,18.677517559164485,9.340790082004009
11500000,18.706636793488723,9.32862330619365
11520000,18.729750908200852,9.318455059279882
11536000,18.75194628232474,9.308253032164574
11560000,18.76898672340901,9.300067422057564
11576000,18.793716374817603,9.287759855052354
11600000,18.809391546067058,9.279521251405072
11616000,18.83211892875526,9.26711614373246
11636000,18.84650930462536,9.258801899837744
11656000,18.86388515735169,9.24836787336844
11680000,18.880524455963094,9.237872837793496
11696000,18.899639763958238,9.225189924307205
11716000,18.911718679198874,9.21665460831192
11736000,18.92628224798516,9.20590182257752
11756000,18.940199267371842,9.195021986999249
11776000,18.95349029362207,9.184003796079049
11800000,18.96617133415796,9.172836638840115
11816000,18.98067890517413,9.159225121866557
11836000,18.989785124986977,9.149967291553088
11856000,19.000711476830684,9.138223859903338
11876000,19.011083059055856,9.126241537731069
11900000,19.020906137783584,9.114005920698592
11916000,19.032059696263453,9.098988934056472
11936000,19.039004441403847,9.088699549020399
11956000,19.047291213129153,9.075591252436512
11976000,19.05509317067084,9.062152877837633
11996000,19.062423143927667,9.04836668346665
12016000,19.06929547055017,9.03422145372507
12036000,19.07572534453682,9.019702996785119
12056000,19.081735718901957,9.004800197868173
12076000,19.087330987893647,8.989499550331109
12096000,19.09251848318734,8.97377871512197
12116000,19.097309691777546,8.95761730945187
12136000,19.10171325902384,8.941006527823738
12156000,19.105747547056612,8.923936975916916
12176000,19.10942673644321,8.906396995162757
12196000,19.112757021922796,8.888371085295574
12216000,19.11575683872172,8.869843107035598
12240000,19.11843328150729,8.850809252266705
12256000,19.121269754048484,8.827343322110837
12276000,19.1228778089637,8.811202127904785
12300000,19.12466801446738,8.79060659901867
12316000,19.12649763375815,8.765273580450733
12340000,19.12747350659953,8.747889020482267
12356000,19.128714299991476,8.721314340366568
12376000,19.12932588234122,8.703109700920908
12396000,19.12992103904522,8.679948182788333
12416000,19.13030107102203,8.656289724706054
12440000,19.130476410944627,8.632136760061492
12460000,19.1304523595597,8.602567458107746
12476000,19.130202969376914,8.577338157336726
12500000,19.12985162655129,8.556768425892404
12516000,19.129146668693636,8.525442056822458
12540000,19.128506683583367,8.5040846182578
12556000,19.127387409979058,8.471579831538968
12576000,19.126492122281174,8.44944264656934
12596000,19.125253261919458,8.421380261199328
12620000,19.12387178941925,8.392833905925713
12640000,19.12204861066287,8.35798522728993
12656000,19.12038329632502,8.328346948292115
12676000,19.118963651774504,8.3042460951256
12700000,19.117102850394964,8.273724419193536
12720000,19.11474332083021,8.23650921877709
12736000,19.112648271814006,8.204922175413873
12756000,19.110890196085563,8.17927187024252
12776000,19.108615946901278,8.146830695540116
12800000,19.106248801839985,8.11392263661657
12820000,19.103306685612395,8.073875078239775
12836000,19.10074582918954,8.039952348585695
12856000,19.09862276592693,8.012447658453022
12880000,19.095897055180924,7.9777133505344455
12900000,19.092517349052784,7.935508091433595
12916000,19.089601560682116,7.899812868783942
12936000,19.08720965034668,7.870904318470021
12956000,19.08416197147208,7.834418096916003
12976000,19.081044075881135,7.797497987295975
13000000,19.07785623216255,7.760154165577611
13016000,19.073956083199437,7.714830839552478
13040000,19.071287922123734,7.684214221607824
13056000,19.06722252762723,7.637893408934588
13076000,19.06445350257443,7.606614860947059
13100000,19.060945209397683,7.567192407742016
13120000,19.05666828022794,7.519397862629064
13140000,19.053041073062413,7.479080516676437
13156000,19.04936506164752,7.4383721014022575
13176000,19.04638906701897,7.405493567833343
13200000,19.042640577592056,7.364084355752491
13220000,19.038102312943536,7.31393418312164
13240000,19.03428180509257,7.271690451365116
13256000,19.030435484025077,7.229075475500401
13280000,19.027338951982337,7.194688842323356
13296000,19.022675241364333,7.142754298687963
13316000,19.019541293961694,7.107789672951038
13336000,19.01560839543281,7.063801883113678
13356000,19.01166366262082,7.019463806506894
13376000,19.007717248596045,6.974776064779977
13400000,19.00376840770371,6.929740060175017
13416000,18.999032001021888,6.87528163002133
13436000,18.995869762374134,6.838651377308411
13456000,18.99191490568055,6.792601242395192
13476000,18.987957655020306,6.746226202087859
13500000,18.984010752661867,6.699527506025397
13520000,18.979273310022325,6.643106071008881
13536000,18.975330902152063,6.595707008801845
13556000,18.972180685005238,6.557527136278571
13576000,18.968245336299415,6.5095363922935565
13600000,18.96431433649977,6.461223092647745
13616000,18.959601451367995,6.402865972110316
13636000,18.956470772053084,6.36365082350308
13656000,18.952566997132394,6.314377611268726
13676000,18.9486751397234,6.26477846106017
13700000,18.944790293653305,6.214855213381362
13716000,18.940144218066195,6.154558786846452
13740000,18.93706228862012,6.114054714472231
13756000,18.93246125636437,6.052996845734431
13776000,18.929415153971437,6.011984129694638
13796000,18.925623893986824,5.9604658809897435
13816000,18.92184365819002,5.908632173452969
13836000,18.918073798401476,5.85648700001211
13856000,18.914320458845935,5.804026942519336
13876000,18.91058713605139,5.751261416458993
13896000,18.906877604201018,5.698200265594444
13916000,18.903200660805624,5.644841079460892
13936000,18.899561937266036,5.591184957442926
13956000,18.89596140658057,5.5372466592542375
13980000,18.892400084173676,5.483024580944082
14000000,18.888170421229425,5.417614523840046
14016000,18.88467753564127,5.362763492979264
14036000,18.8819029251758,5.318666384923198
14056000,18.878452539144778,5.263329229620259
14076000,18.875027444628575,5.207724883892643
14100000,18.871623899701707,5.1518620917562705
14116000,18.86757358947807,5.084504588606696
14136000,18.86490210122826,5.03934529166295
14160000,18.861583170293052,4.982688338724747
14176000,18.85763787748229,4.914385348611804
14196000,18.85504169287304,4.868603084158887
14216000,18.851824502757477,4.811176350037086
14236000,18.848633801485303,4.753514988935561
14256000,18.845470804987755,4.695612944700962
14276000,18.842332867191377,4.637466211819948
14296000,18.839219678302022,4.579082460404135
14316000,18.83613386123445,4.520460996405078
14336000,18.83307600680729,4.461606948748667
14360000,18.830038106045222,4.402524475283272
14376000,18.82642181299971,4.331356201490687
14400000,18.82403560774416,4.28369065925865
14416000,18.8204857488811,4.211965282679011
14436000,18.81814936436445,4.163932214031874
14456000,18.815253621841205,4.103713061170889
14476000,18.81238557447651,4.043273610253004
14496000,18.80954231935652,3.982612010396803
14516000,18.806718721223966,3.9217272645730046
14536000,18.80391984739922,3.860628657519629
14556000,18.801145984792036,3.799332625482455
14576000,18.79839412618732,3.7378376644259097
14596000,18.795665489963373,3.676137353288883
14616000,18.792956723567375,3.6142342130481486
14636000,18.790267296418858,3.552129401958374
14656000,18.787593098381357,3.489807898314525
14680000,18.78492789332301,3.4272763423175037
14696000,18.78173265423816,3.3519909620248596
14716000,18.779609887576463,3.301603245138353
14736000,18.776961730664915,3.2384504805489724
14756000,18.774324716298025,3.1750922115199898
14776000,18.771701588620328,3.1115486554454197
14796000,18.769090619222688,3.0478216346569527
14816000,18.76649414639833,2.983908667502261
14836000,18.763907783870422,2.919813863326665
14856000,18.76134318434386,2.8555379810752046
14876000,18.75879763991297,2.79108128439802
14900000,18.7562677187098,2.726446128700112
14916000,18.75324234001597,2.648681811904888
14936000,18.751229517681857,2.5966818546821857
14956000,18.748723745170054,2.5315507912201984
14976000,18.746229930595813,2.4662548479745614
14996000,18.743746219833646,2.400793361096138
15016000,18.741271529871234,2.335163986693246
15036000,18.738802483607184,2.269367907973452
15056000,18.736342979831537,2.20341078841653
15076000,18.733886961869686,2.137292023253978
15100000,18.731444032032513,2.071025439863715
15116000,18.72853299774637,1.9913331106208092
15136000,18.726610043533856,1.9380728424825824
15156000,18.7242248788183,1.8713900366383096
15176000,18.721852794345747,1.8045780920831669
15200000,18.71948555082765,1.7376345754586966
15216000,18.716647255588036,1.6571403489705219
15236000,18.714753029343427,1.6033495529900548
15256000,18.712386741596934,1.5360008524317768
15276000,18.71001858307127,1.4685090558122853
15300000,18.707644745726267,1.4008736587492758
15316000,18.704800683926237,1.3195468905100887
15336000,18.702908636071285,1.265189165914716
15360000,18.70054521767192,1.197129379905521
15380000,18.697714024030596,1.1153005174251265
15396000,18.695361498961855,1.0469532843027072
15416000,18.693484112269523,0.9921718933697629
15436000,18.691147594909324,0.9235919174308117
15456000,18.688819150023516,0.8548914954315583
15476000,18.68650110357752,0.7860641954631098
15496000,18.68419278062363,0.7171081246436203
15516000,18.68188602073849,0.6480316546998757
15536000,18.67957997799825,0.578836893420462
15556000,18.677279982271045,0.5095257724901024
15576000,18.67498631186956,0.44010081511541754
15596000,18.672701083963776,0.37056839310309814
15616000,18.670422886224806,0.3009292180929948
15636000,18.668148597942203,0.2311805898550549
15656000,18.665870360291834,0.16131961648742404
15676000,18.663592549556153,0.09135383159099364
15696000,18.66131250912219,0.02129454815589364
15716000,18.659032647967045,-0.04885681510109287
15736000,18.65675212489923,-0.11909771812282596
15756000,18.654471301488837,-0.18942905971108684
15776000,18.65218989375644,-0.2598505872681771
15796000,18.649915079973603,-0.3303530874797944
15816000,18.647645307410933,-0.4009238657237094
15836000,18.645381010034807,-0.4715614199664754
15856000,18.64312760944545,-0.5422743382636389
15880000,18.640878583539127,-0.6130620821543293
15896000,18.63818192520919,-0.6980985188941428
15916000,18.636383130347074,-0.7548555844513093
15936000,18.634141944927,-0.8258586261400003
15956000,18.6319135037957,-0.8969312077263398
15976000,18.629699326641227,-0.9680678851980035
16000000,18.627492392518363,-1.039278290160296
16016000,18.62485030317937,-1.1248222659330787
16036000,18.62309306946996,-1.181933336764021
16056000,18.620898339281176,-1.2533914017506984
16076000,18.618704872303237,-1.324923811474063
16096000,18.616516423001602,-1.3965346101000524
16116000,18.614323532692467,-1.4682276187352405
16140000,18.61212528907021,-1.5399982582925358
16160000,18.609481855542576,-1.6262123445329242
16180000,18.6072710846214,-1.6981489062706654
16196000,18.605048639796653,-1.7701672909562964
16216000,18.603262669353732,-1.827843790032555
16236000,18.601020540486395,-1.8999959989002242
16256000,18.598764087253873,-1.9722152542437277
16276000,18.596491451762525,-2.0444944648481704
16300000,18.594203071775272,-2.1168376097486643
16320000,18.591446909490678,-2.2037187658380817
16336000,18.58914628454036,-2.2761888758204023
16356000,18.587306217582395,-2.334204746496626
16376000,18.585000668896015,-2.406764600790911
16400000,18.582684569937538,-2.4793792846538425
16416000,18.57988978480023,-2.566588781873861
16436000,18.5780168505903,-2.624782996488785
16456000,18.575671530271116,-2.6975642147161363
16476000,18.573314943763755,-2.770393657752381
16500000,18.570948037191403,-2.84326444844673
16516000,18.56808946504533,-2.9307572720050694
16536000,18.566164786117408,-2.9891287014513908
16556000,18.563743613511008,-3.0621285086168784
16580000,18.561303452725934,-3.135186938004729
16596000,18.558350645715514,-3.222930187900038
16620000,18.55636868192782,-3.281478661197619
16636000,18.553377469302916,-3.369348792139639
16656000,18.55136956300053,-3.4279805624670536
16676000,18.548841536595617,-3.501316299272695
16696000,18.54628036576974,-3.574705904752388
16716000,18.543678068765328,-3.648150485131032
16736000,18.541025682435574,-3.7216554272459836
16756000,18.5383117566495,-3.7952152342509247
16776000,18.53551969383293,-3.8688253849787606
16796000,18.532632987185327,-3.9424814602107845
16816000,18.52961902739449,-4.016175928075057
16840000,18.526448426082922,-4.089909971760625
16856000,18.522400658444386,-4.178437220956966
16880000,18.519472857391847,-4.237494560817348
16900000,18.51480272338165,-4.326119922157939
16920000,18.510493563086214,-4.400023938635097
16936000,18.505794067451742,-4.473968499711517
16956000,18.50168479016028,-4.533155893625731
16976000,18.496142561892714,-4.607171685550358
16996000,18.490031391480404,-4.681235585852344
17016000,18.48329181357531,-4.755352924281487
17036000,18.475859537122833,-4.829525176900577
17060000,18.4676543424426,-4.90375340624246
17076000,18.456786224328074,-4.99290097585618
17096000,18.448671531865266,-5.052399604131177
17116000,18.437757112619238,-5.126832360856966
17136000,18.42580657934287,-5.201345904716157
17160000,18.41275958463485,-5.275959718513604
17176000,18.395685171604704,-5.3656459560832666
17200000,18.38312077913697,-5.425580629006304
17216000,18.3630239979859,-5.515650707324595
17236000,18.348331435949163,-5.575895416908101
17256000,18.328840588457957,-5.651384090459748
17280000,18.30787821253026,-5.727125895330196
17296000,18.28088807303772,-5.818361571439237
17320000,18.26140520655154,-5.879484993789707
17336000,18.230666096373923,-5.971498947876448
17356000,18.208641352654116,-6.03319688788825
17376000,18.179820342417482,-6.1106467789733285
17396000,18.149373798279502,-6.188530059008168
17416000,18.117289724766568,-6.266869230073821
17436000,18.083569628309508,-6.345688205850851
17456000,18.048213783228697,-6.425005998896192
17476000,18.01122641014159,-6.504838499671255
17500000,17.97261974328251,-6.585184882696048
17516000,17.92437834719084,-6.682234966803985
17536000,17.890702316225113,-6.747450592210143
17556000,17.847349087015164,-6.829398312798684
17576000,17.802442936253634,-6.911882483845796
17596000,17.7560023148137,-6.994898085636475
17616000,17.708034473615324,-7.078443409963906
17636000,17.65855514436835,-7.16252061611425
17656000,17.607579894568747,-7.247121381643063
17676000,17.55510666049992,-7.332232574974354
17696000,17.501148381151914,-7.417854083167081
17716000,17.445717603426647,-7.503980366129304
17736000,17.388814810264485,-7.590591172976254
17760000,17.33044447510364,-7.677663200426928
17776000,17.258650831873958,-7.782684142896924
17800000,17.209393741338847,-7.853112267568699
17820000,17.134116311882813,-7.959139660846159
17840000,17.069642149297824,-8.047941323308283
17860000,17.00371715124014,-8.13708885636812
17880000,16.936344674786877,-8.226559710593197
17896000,16.86753293940314,-8.316323912434752
17916000,16.811336421412516,-8.388353226783087
17936000,16.739943096929384,-8.478587927971672
17956000,16.66711327421548,-8.569043844002334
17980000,16.59284584582425,-8.659698764197069
18000000,16.501987820761045,-8.768694725041858
18016000,16.424551132776376,-8.85971206468422
18036000,16.361459033858154,-8.932635006885041
18056000,16.281455958200276,-9.023873153959306
18076000,16.200045674380153,-9.115189583274127
18100000,16.117232533148965,-9.20656168799967
18116000,16.016175157431853,-9.316253491267922
18136000,15.94746794476996,-9.389406369083094
18156000,15.860485591192223,-9.480859133313182
18180000,15.772154183982554,-9.572308039919081
18196000,15.664548799493996,-9.682030744640036
18216000,15.591537896845574,-9.755160160440147
18240000,15.499220342882337,-9.846550998874692
18256000,15.386864339526007,-9.956187678691625
18276000,15.310701277372015,-10.029245174391567
18300000,15.214466530847247,-10.120531960877273
18320000,15.097432109463787,-10.2300007683985
18336000,14.998378163193156,-10.32112967038876
18360000,14.918123605718717,-10.393955949431806
18376000,14.796533343979123,-10.503077874838677
18400000,14.714272617307776,-10.575692204895786
18416000,14.589685955902505,-10.684451631421314
18440000,14.505431287879247,-10.756771073292287
18456000,14.377853007710693,-10.865027494471029
18480000,14.291610291127503,-10.936961010871759
18496000,14.161050555160612,-11.044578844429758
18516000,14.072817836509072,-11.116001491865541
18536000,13.961536412978406,-11.204971842766067
18556000,13.849022321318047,-11.293508711520316
18576000,13.73527712630248,-11.381558018777492
18596000,13.620293542060853,-11.46906556663106
18616000,13.504079351720785,-11.55598254838882
18636000,13.386642719202243,-11.642262245504204
18660000,13.267981714907636,-11.727855639020884
18676000,13.12413106536771,-11.829692127874345
18696000,13.027075106525604,-11.896847829245663
18716000,12.904810570449131,-11.980153288480894
18736000,12.78137708715426,-12.062627226384242
18760000,12.65679418579959,-12.144243382772808
18780000,12.505927834147203,-12.241133222270642
18800000,12.378868967904404,-12.320794090153205
18816000,12.250711889455657,-12.399541293861384
18836000,12.147317963936942,-12.461806818216814
18856000,12.017210104345306,-12.53890323044672
18876000,11.886042838781053,-12.615087597928461
18900000,11.753835005566158,-12.690357474261345
18916000,11.593962043940316,-12.779589497474603
18936000,11.486422260435244,-12.83820925976318
18956000,11.351210011099692,-12.910757722188789
18976000,11.215023596477607,-12.982403387227897
19000000,11.07787546245148,-13.053162158765165
19016000,10.912162373311238,-13.137015245769547
19040000,10.800792339239702,-13.192068550270452
19060000,10.632851409654709,-13.273802684730772
19076000,10.491813987509333,-13.340858512599123
19100000,10.378275723607961,-13.393803642105704
19120000,10.207127941976527,-13.472380518925492
19136000,10.063460296204786,-13.536808719576266
19160000,9.9478383501087,-13.587643445218816
19176000,9.773583350372613,-13.663040997316264
19196000,9.656603628784879,-13.712445063929719
19220000,9.509705786325036,-13.773483561000262
19236000,9.332434856810995,-13.845643672811798
19256000,9.213468296807656,-13.892873115262816
19276000,9.064110426073167,-13.951165371109179
19296000,8.913946518794818,-14.008507718125692
19316000,8.762986252062783,-14.064874798098572
19336000,8.611242431957589,-14.120241211553648
19356000,8.458737382013405,-14.174581171389379
19376000,8.30549659627665,-14.227870041828062
19396000,8.151537209705701,-14.280077100947917
19416000,7.996872804055764,-14.3311756180781
19436000,7.8415216530130785,-14.381132860934061
19460000,7.685500197310318,-14.42991993629229
19480000,7.497503227836363,-14.48700216715263
19496000,7.340096391200981,-14.533052381559042
19516000,7.213688979635016,-14.568856942355866
19536000,7.055215015539065,-14.612540068333015
19556000,6.896187412510921,-14.654844190986788
19576000,6.736636782877236,-14.695746975298828
19596000,6.57659567388866,-14.73520586624449
19616000,6.416085508149133,-14.77319053839139
19636000,6.25513586062395,-14.809680907903989
19656000,6.09377765997143,-14.844663032281634
19676000,5.932034681988893,-14.878130428113012
19696000,5.769937113268267,-14.910066289601923
19716000,5.607498441249917,-14.940475544652637
19736000,5.444738298227784,-14.969354854894199
19756000,5.2816664862116065,-14.996706322308274
19776000,5.118298696139037,-15.0225466314545
19796000,4.954648037839697,-15.046874252065242
19816000,4.790731341253331,-15.06968965829947
19836000,4.626563515362074,-15.090995378124445
19856000,4.462158869886636,-15.11079964735405
19876000,4.297524875425091,-15.129102294868316
19896000,4.132677703123225,-15.14591941755299
19916000,3.9676321842831466,-15.161254456843473
19936000,3.802407687033287,-15.175111678130362
19956000,3.6370109271151745,-15.18748778994178
19976000,3.4714502858416663,-15.198397352702045
20000000,3.3057435404225113,-15.20784258218993
20016000,3.106740894174017,-15.217434402606425
20036000,2.973965067748722,-15.222434003305366
20056000,2.807926877815632,-15.227527898608002
20076000,2.6418231138444646,-15.231193218888926
20096000,2.4756812691302414,-15.23344312661818
20116000,2.3095475232661316,-15.234299950868392
20140000,2.1434672511387625,-15.233777622852758
20156000,1.944283439345779,-15.231519763888103
20176000,1.8116161488528089,-15.22872825494353
20200000,1.6459231347549814,-15.224187788155898
20216000,1.44738646156872,-15.21719694310922
20236000,1.315299929149282,-15.211321282883167
20256000,1.150474833089911,-15.202990068907289
20276000,0.9860525462046169,-15.19345538056817
20300000,0.8221016800151325,-15.182750529622684
20320000,0.6260072850369547,-15.168556411902937
20340000,0.4633174074990436,-15.155414715965179
20356000,0.3012956259304209,-15.141213670064573
20376000,0.17225060135302145,-15.129033118801013
20400000,0.011557699523292747,-15.113018666465377
20416000,-0.1802599247473468,-15.09267464610348
20436000,-0.30728178063052924,-15.078243717216424
20456000,-0.4652991104642198,-15.059510867199124
20476000,-0.622309455055989,-15.039938749613219
20496000,-0.7782642193002935,-15.019562328974448
20516000,-0.9331038803456341,-14.998422608455137
20536000,-1.0867585834470936,-14.976557336933991
20556000,-1.2391748398917606,-14.954006018426497
20576000,-1.390290739043871,-14.930809696053933
20596000,-1.5400499655434243,-14.90700313956252
20616000,-1.6883826059989377,-14.882630785890909
20636000,-1.835239140365764,-14.85774209345209
20656000,-1.9805806428048705,-14.832373668903408
20676000,-2.1243458207359245,-14.806577775748563
20696000,-2.266482704757406,-14.780387208414064
20716000,-2.4069369788979467,-14.753854516432984
20736000,-2.5456494864985757,-14.727034550727835
20756000,-2.6825682016600645,-14.699978683727274
20776000,-2.817636853338433,-14.672737515946347
20796000,-2.9508073118641445,-14.645372434074178
20816000,-3.082025045608926,-14.61793350336003
20836000,-3.211247326073561,-14.590469610336763
20856000,-3.3384293404028114,-14.563034339628413
20876000,-3.46352465329147,-14.535689238241584
20900000,-3.58649396088066,-14.50848743832226
20916000,-3.731446053625419,-14.476095009939579
20936000,-3.825961888972753,-14.454756932262653
20956000,-3.9423090133018,-14.42834776060201
20976000,-4.05637406149975,-14.402324303692192
20996000,-4.168114062243173,-14.376744589119578
21016000,-4.277502028292657,-14.351677346210485
21036000,-4.384493102530201,-14.327195135781597
21056000,-4.4890701307703775,-14.303360083254915
21076000,-4.59119986749989,-14.280251241717506
21096000,-4.690874522494914,-14.257942946318963
21116000,-4.788083725149438,-14.236514813600069
21136000,-4.882839070767808,-14.216033738115252
21160000,-4.975155854672424,-14.196553749075784
21176000,-5.083037133091127,-14.174458216387634
